{"stats":{"minecraft:dropped":{"mccourse:alexandrite":2,"mccourse:raw_alexandrite":1},"minecraft:custom":{"minecraft:jump":69,"minecraft:time_since_rest":4304,"minecraft:crouch_one_cm":1018,"minecraft:leave_game":5,"minecraft:play_time":4304,"minecraft:sprint_one_cm":15315,"minecraft:walk_one_cm":8309,"minecraft:time_since_death":4304,"minecraft:sneak_time":339,"minecraft:total_world_time":5057,"minecraft:drop":3,"minecraft:fly_one_cm":10406},"minecraft:used":{"mccourse:bronze_block":50,"mccourse:alexandrite_block":57,"mccourse:raw_alexandrite_block":12},"minecraft:picked_up":{"mccourse:alexandrite":1,"mccourse:raw_alexandrite":1}},"DataVersion":3463}